-BEGIN HEADER-,,,,,,,,,,,,,,,
NASA/POWER CERES/MERRA2 Native Resolution Monthly and Annual ,,,,,,,,,,,,,,,
Dates (month/day/year): 01/01/1981 through 12/31/2022 ,,,,,,,,,,,,,,,
Location: Latitude  22.8199   Longitude 83.2828 ,,,,,,,,,,,,,,,
Elevation from MERRA-2: Average for 0.5 x 0.625 degree lat/lon region = 630.4 meters,,,,,,,,,,,,,,,
The value for missing source data that cannot be computed or is outside of the sources availability range: -999 ,,,,,,,,,,,,,,,
Parameter(s): ,,,,,,,,,,,,,,,
PS                  MERRA-2 Surface Pressure (kPa) ,,,,,,,,,,,,,,,
QV2M                MERRA-2 Specific Humidity at 2 Meters (g/kg) ,,,,,,,,,,,,,,,
RH2M                MERRA-2 Relative Humidity at 2 Meters (%) ,,,,,,,,,,,,,,,
WD2M                MERRA-2 Wind Direction at 2 Meters (Degrees) ,,,,,,,,,,,,,,,
WS2M                MERRA-2 Wind Speed at 2 Meters (m/s) ,,,,,,,,,,,,,,,
WD10M               MERRA-2 Wind Direction at 10 Meters (Degrees) ,,,,,,,,,,,,,,,
WS10M               MERRA-2 Wind Speed at 10 Meters (m/s) ,,,,,,,,,,,,,,,
WS2M_MAX            MERRA-2 Wind Speed at 2 Meters Maximum (m/s) ,,,,,,,,,,,,,,,
WS2M_MIN            MERRA-2 Wind Speed at 2 Meters Minimum (m/s) ,,,,,,,,,,,,,,,
WS10M_MAX           MERRA-2 Wind Speed at 10 Meters Maximum (m/s) ,,,,,,,,,,,,,,,
WS10M_MIN           MERRA-2 Wind Speed at 10 Meters Minimum (m/s) ,,,,,,,,,,,,,,,
WS2M_RANGE          MERRA-2 Wind Speed at 2 Meters Range (m/s) ,,,,,,,,,,,,,,,
PRECTOTCORR         MERRA-2 Precipitation Corrected (mm/day) ,,,,,,,,,,,,,,,
WS10M_RANGE         MERRA-2 Wind Speed at 10 Meters Range (m/s) ,,,,,,,,,,,,,,,
PRECTOTCORR_SUM     MERRA-2 Precipitation Corrected Sum (mm) ,,,,,,,,,,,,,,,
-END HEADER-,,,,,,,,,,,,,,,
PARAMETER,YEAR,JAN,FEB,MAR,APR,MAY,JUN,JUL,AUG,SEP,OCT,NOV,DEC,ANN,
PS,1981,94.42,94.25,94.07,93.67,93.34,92.92,93.05,93.04,93.55,94.05,94.23,94.56,93.76,
PS,1982,94.43,94.2,94.03,93.68,93.61,93.06,93.05,92.92,93.56,94.17,94.31,94.46,93.79,
PS,1983,94.45,94.23,93.98,93.72,93.46,93.12,93.14,93.12,93.39,93.89,94.41,94.44,93.78,
PS,1984,94.25,94.2,93.98,93.56,93.15,92.85,93.08,92.97,93.62,93.94,94.41,94.23,93.68,
PS,1985,94.35,93.86,93.87,93.51,93.22,92.88,93.13,93.06,93.46,93.96,94.28,94.39,93.66,
PS,1986,94.38,94.27,93.97,93.61,93.35,92.91,93.04,93.17,93.57,94.06,94.27,94.49,93.76,
PS,1987,94.52,94.39,94.03,93.71,93.68,93.05,93.11,93.14,93.45,94.09,94.21,94.53,93.82,
PS,1988,94.38,94.14,93.86,93.72,93.2,93.08,93.08,93.2,93.49,93.89,94.36,94.49,93.74,
PS,1989,94.27,94.19,93.99,93.61,93.24,93.03,93.17,93.09,93.47,93.95,94.44,94.53,93.75,
PS,1990,94.38,94.17,94.04,93.59,93.33,92.94,92.97,93.22,93.43,94.02,94.29,94.52,93.74,
PS,1991,94.39,94.29,93.96,93.71,93.38,93.06,92.87,93.04,93.64,93.96,94.47,94.44,93.76,
PS,1992,94.56,94.19,94.04,93.77,93.4,93.01,93.12,93.14,93.5,93.99,94.38,94.59,93.81,
PS,1993,94.39,94.24,94.1,93.77,93.32,93.11,93.02,93.2,93.45,94.12,94.32,94.5,93.79,
PS,1994,94.33,94.16,93.99,93.73,93.37,92.84,92.8,93.04,93.54,94.12,94.48,94.55,93.74,
PS,1995,94.5,94.22,94.1,93.77,93.35,92.95,92.96,93.13,93.43,93.97,94.15,94.58,93.76,
PS,1996,94.35,94.22,93.86,93.68,93.35,93.16,92.98,93.18,93.43,93.97,94.21,94.46,93.74,
PS,1997,94.39,94.13,94.07,93.86,93.48,93.23,92.92,93.13,93.68,94.34,94.39,94.49,93.84,
PS,1998,94.46,94.38,94.15,93.82,93.38,93.05,93.09,93.28,93.46,93.82,94.15,94.46,93.79,
PS,1999,94.29,94.38,93.77,93.52,93.18,93.07,92.94,93.11,93.35,93.88,94.29,94.44,93.68,
PS,2000,94.3,94.12,93.89,93.48,93.31,93.02,92.96,93.14,93.46,93.86,94.21,94.34,93.67,
PS,2001,94.24,94.05,93.96,93.78,93.24,92.92,92.94,93.15,93.56,93.94,94.34,94.58,93.72,
PS,2002,94.35,94.45,94.01,93.64,93.2,93.1,93.14,93.09,93.56,94.05,94.29,94.41,93.77,
PS,2003,94.52,94.29,94.05,93.74,93.38,93,93.12,93.12,93.33,93.98,94.39,94.53,93.79,
PS,2004,94.39,94.31,93.98,93.62,93.31,93.16,93.13,93.03,93.65,94.2,94.43,94.43,93.8,
PS,2005,94.35,94.3,94.05,93.91,93.44,92.98,93.07,93.19,93.49,94.03,94.31,94.35,93.79,
PS,2006,94.39,94.24,94.05,93.66,93.37,93.23,92.93,93.07,93.55,94.19,94.33,94.48,93.79,
PS,2007,94.51,94.22,94.09,93.75,93.39,93.07,93.1,93.17,93.32,93.95,94.27,94.38,93.77,
PS,2008,94.3,94.24,93.94,93.7,93.29,93.05,93.08,93.18,93.51,94.07,94.27,94.35,93.75,
PS,2009,94.44,94.17,93.99,93.71,93.3,93.08,92.97,93.32,93.46,93.99,94.29,94.42,93.76,
PS,2010,94.51,94.29,94.01,93.69,93.31,93.2,93.17,93.33,93.5,93.81,94.19,94.14,93.76,
PS,2011,94.27,94.19,93.96,93.82,93.37,92.96,93.07,93.19,93.35,94.04,94.3,94.34,93.74,
PS,2012,94.31,94.15,93.99,93.67,93.35,92.97,92.95,93.16,93.54,94.12,94.23,94.32,93.73,
PS,2013,94.43,94.34,94.11,93.72,93.22,93,92.88,93.19,93.51,93.86,94.33,94.36,93.74,
PS,2014,94.55,94.21,94.21,93.87,93.52,93.05,92.97,93.28,93.56,94.15,94.3,94.44,93.84,
PS,2015,94.5,94.34,94.27,93.83,93.48,93.18,93.15,93.33,93.69,94.18,94.37,94.49,93.9,
PS,2016,94.45,94.34,94.13,93.64,93.43,93.25,93.12,93.13,93.49,93.91,94.29,94.39,93.8,
PS,2017,94.45,94.36,93.96,93.62,93.44,93.13,93.11,93.27,93.61,93.87,94.26,94.44,93.79,
PS,2018,94.27,94.31,94.01,93.72,93.45,93.1,92.95,93.04,93.65,94.19,94.36,94.45,93.79,
PS,2019,94.52,94.36,94.13,93.77,93.5,93.19,93.06,93.11,93.56,94.14,94.33,94.53,93.85,
PS,2020,94.45,94.48,94.19,93.96,93.58,93.25,93.28,93.06,93.49,93.79,94.42,94.41,93.86,
PS,2021,94.3,94.3,94.05,93.84,93.52,93.24,93.13,93.36,93.43,93.9,94.21,94.47,93.81,
PS,2022,94.33,94.18,93.94,93.65,93.28,93.21,93.14,93.19,93.53,94.07,94.33,94.34,93.76,
QV2M,1981,6.9,5.98,7.26,5.68,9.83,13.12,19.1,19.17,18.13,12.08,8.97,6.84,11.11,
QV2M,1982,8.54,7.63,7.51,7.63,10.38,16.24,18.68,19.47,17.09,13.31,10.31,6.65,11.96,
QV2M,1983,5,5.55,3.54,6.71,9.09,13.12,18.74,19.41,18.74,13.61,7.57,6.47,10.62,
QV2M,1984,7.32,6.84,4.52,6.04,6.35,16.66,18.68,19.23,16.6,13.18,7.02,5.07,10.62,
QV2M,1985,7.2,3.6,3.36,5.43,8.12,13.37,18.37,18.98,17.82,13.73,9.09,7.26,10.56,
QV2M,1986,5.8,7.51,6.35,5.92,7.93,13.12,18.98,18.68,16.66,12.02,8.12,7.2,10.74,
QV2M,1987,5.55,5.55,5.31,5.07,8.91,14.22,18.62,19.04,18.25,13.67,10.31,6.16,10.93,
QV2M,1988,5.07,5.25,5.62,6.53,7.57,15.14,19.29,19.29,18.49,12.15,7.81,5.8,10.68,
QV2M,1989,3.3,2.81,4.82,3.48,7.69,15.81,18.68,19.04,18.37,12.7,7.39,5.25,10.01,
QV2M,1990,4.46,5.98,5.68,5.13,13.61,16.97,19.1,19.29,18.62,14.1,10.56,7.93,11.84,
QV2M,1991,6.04,5.55,5.13,5,6.23,16.3,18.8,19.53,17.82,12.57,8.24,7.02,10.74,
QV2M,1992,4.94,4.33,4.21,5.98,8.12,13.43,18.01,19.04,17.03,13.31,9.28,5.25,10.25,
QV2M,1993,4.58,3.42,4.94,5.86,7.57,15.99,19.41,18.92,18.07,14.16,9.34,5.74,10.68,
QV2M,1994,6.47,5.55,3.91,6.53,8.61,16.78,19.71,19.53,17.09,13.92,9.7,5.68,11.17,
QV2M,1995,5.74,5.86,7.81,5.68,9.46,13.79,18.68,19.23,18.13,14.04,9.22,7.57,11.29,
QV2M,1996,7.69,6.41,6.96,6.47,7.32,15.5,19.17,19.23,18.07,13.12,8.42,4.46,11.11,
QV2M,1997,4.64,3.48,4.21,7.45,7.75,14.34,19.47,19.1,17.64,13.37,12.21,9.7,11.17,
QV2M,1998,8.12,8.18,7.26,8.48,8.36,14.47,19.41,19.53,18.86,16.48,11.72,6.41,12.27,
QV2M,1999,5.37,6.59,3.42,2.69,9.52,14.95,18.86,19.23,18.62,15.01,9.16,7.08,10.93,
QV2M,2000,5.07,5.43,3.66,4.03,11.78,17.21,18.68,18.86,17.27,12.02,6.23,3.05,10.31,
QV2M,2001,2.99,3.36,5.43,6.53,10.5,17.58,19.41,19.9,17.82,14.83,10.74,5.74,11.29,
QV2M,2002,5.92,6.29,5.31,5.13,8.06,15.99,18.01,19.04,17.4,12.94,8.18,5.8,10.68,
QV2M,2003,4.33,7.39,6.16,5.86,6.23,13.92,19.35,19.65,19.29,15.32,9.83,7.81,11.29,
QV2M,2004,7.39,5.86,6.16,8.48,10.74,17.52,18.92,19.53,17.64,12.7,8.24,6.77,11.66,
QV2M,2005,6.1,7.32,7.63,5.86,7.32,12.51,19.17,19.17,18.25,14.47,7.75,6.16,10.99,
QV2M,2006,4.76,4.64,7.63,6.9,12.82,15.99,18.86,19.1,17.82,13.92,10.13,6.59,11.66,
QV2M,2007,4.52,7.08,6.96,6.96,10.56,15.56,18.86,18.86,18.74,13.12,9.89,6.9,11.54,
QV2M,2008,6.1,5.19,6.65,6.29,8.24,17.46,19.1,19.47,17.88,13.61,10.07,7.32,11.47,
QV2M,2009,7.02,4.82,4.52,4.76,10.01,12.21,19.17,19.1,18.25,12.08,10.01,7.2,10.8,
QV2M,2010,4.76,5.74,4.58,4.58,10.31,14.4,18.98,19.17,17.88,14.77,11.6,6.71,11.17,
QV2M,2011,4.82,5.68,4.7,9.03,11.05,16.85,19.1,19.23,18.43,13.67,10.07,7.08,11.66,
QV2M,2012,7.63,6.29,4.82,7.14,6.41,13.85,19.23,19.35,18.01,12.33,9.77,7.14,11.05,
QV2M,2013,5.92,7.08,6.23,8.67,7.45,17.58,19.23,18.86,18.19,15.44,9.7,8.18,11.9,
QV2M,2014,8.18,8.06,8.61,8.67,10.13,15.08,18.8,18.98,17.52,13.98,8.36,6.04,11.9,
QV2M,2015,6.53,6.47,7.93,9.4,8.06,15.62,19.1,19.35,17.58,13.43,10.5,7.51,11.84,
QV2M,2016,5.55,6.9,6.96,5.8,11.05,15.44,18.92,19.17,18.68,13.67,9.34,7.2,11.6,
QV2M,2017,6.65,5.8,5.25,4.88,9.28,15.32,19.1,19.41,18.43,15.32,9.83,6.71,11.35,
QV2M,2018,4.09,5.92,4.76,7.39,10.68,15.87,19.29,19.47,17.58,12.82,9.16,6.29,11.17,
QV2M,2019,4.94,6.04,6.77,6.41,7.45,14.28,19.53,19.41,18.92,14.95,11.17,8.54,11.54,
QV2M,2020,7.45,6.96,10.62,9.64,10.93,17.52,19.41,19.78,18.74,15.69,10.44,7.75,12.94,
QV2M,2021,7.02,5.74,5.8,4.82,12.94,18.07,19.41,19.29,18.68,15.08,10.5,7.87,12.15,
QV2M,2022,7.08,6.1,6.53,4.7,10.5,14.04,19.1,18.86,18.43,14.65,9.4,7.81,11.47,
RH2M,1981,63.19,43.88,41.19,23.12,34.62,50.06,88.62,89.12,88.38,72.44,69,60.88,60.56,
RH2M,1982,65.31,58.25,44.88,31.19,37.38,62.38,82.62,91.38,84.62,74.75,71.94,54.62,63.31,
RH2M,1983,43.38,39.75,17.69,26.94,30.62,46.56,80.62,87.81,88.81,80.25,64,56.62,55.38,
RH2M,1984,60.75,51.75,24.5,22.44,19.19,65.31,86.12,90.81,86.19,75.88,56.5,43.75,56.94,
RH2M,1985,59.19,29.06,15.62,20.5,25.88,46,84.25,88.19,87.38,81.12,69.5,60.94,55.88,
RH2M,1986,49.12,54.5,34.88,22.25,27.69,49.31,86.75,87.56,82.88,67.75,53.88,58.44,56.31,
RH2M,1987,47.62,38.38,30.38,19.06,31.56,47.12,81,85.62,87.25,77.38,72.06,54.06,56.12,
RH2M,1988,41.38,33.81,28.94,24.62,24.81,57.38,86.75,88.81,87.19,70.25,56.75,45.81,53.94,
RH2M,1989,31.56,19.06,25.5,12.94,25.62,60.81,84.56,87.94,87.75,70.38,50.19,45.19,50.38,
RH2M,1990,37.06,41.19,31.31,20.5,51.5,67.94,89.38,88.81,89.69,80.75,75.5,67.25,61.88,
RH2M,1991,53.31,35.06,23.69,19.25,17.38,61.69,79.88,90.31,88.5,75.81,63.12,62.62,56,
RH2M,1992,45.25,34.12,20.69,22.38,28.25,48.31,77.75,88.19,85.88,76.75,66.12,46.69,53.44,
RH2M,1993,38.06,23.06,27.94,23.06,24.56,60,85.81,86.75,90.06,77.12,67.75,53.19,55,
RH2M,1994,51.56,41.81,19.81,25.75,26.94,66.62,89.94,91,85.62,78.81,69.31,50.12,58.19,
RH2M,1995,54.62,43.31,44.19,22.81,33.56,48.06,82.19,89.69,88.38,79.38,69.06,62.25,59.94,
RH2M,1996,64.62,46.69,35.88,24.75,22.12,61.06,85.31,90.5,86.56,77.88,59.94,43.06,58.25,
RH2M,1997,42.69,27.12,20.44,33.75,27.75,52.88,87.88,91.19,87.56,78.12,81.44,85,59.88,
RH2M,1998,72.88,61.38,44.94,34.06,27.5,51.56,86.94,88.69,89.19,86.12,79.25,59.88,65.25,
RH2M,1999,51.44,42.94,17.31,9.56,32.5,60.31,84.5,89.62,90.19,85.44,67.06,61.56,57.81,
RH2M,2000,43.38,42.06,19.94,14.12,40.25,68.5,82.88,85.44,84.75,64.31,40.94,27.88,51.25,
RH2M,2001,25.88,20.56,26.69,27.06,34.06,75.25,90.44,90.75,85.5,82.88,73.44,49.06,57,
RH2M,2002,49.62,43.06,26.81,20,25.81,58.19,75.5,87.69,87.75,73.88,59.25,47.12,54.62,
RH2M,2003,38.62,50,32.38,21.44,19.75,52.25,85.12,89.31,91.69,85.62,71.94,72.75,59.31,
RH2M,2004,67.69,47.5,31.88,32.88,35.69,70.56,85.81,90.56,85.94,74.56,60.12,58.06,61.81,
RH2M,2005,53.06,49.06,38.44,23.81,25,43.69,85.88,88.31,88.94,82.38,61.5,54.88,58,
RH2M,2006,39.81,28.5,42.94,28.06,44,60.75,83.38,89.75,87.31,76.5,68.38,52.94,58.75,
RH2M,2007,37.75,50.25,40.31,25.44,35.06,58.81,86,88.75,90.25,77.06,71.88,60.19,60.19,
RH2M,2008,52.62,42.31,34.56,26.62,26.12,74.12,89,90.25,87.81,77.06,71.19,58,60.88,
RH2M,2009,54.81,32.5,22,19.06,32.75,40.44,84.44,86.88,86.25,69.62,66.5,56.69,54.5,
RH2M,2010,43.56,38.12,20.5,15.44,33.44,50,80.94,86,85.38,80,71.81,56.88,55.31,
RH2M,2011,43.38,39.38,23.06,37.88,35.69,66.19,85.44,90.12,90.5,77.56,74.75,61.06,60.5,
RH2M,2012,67.88,45.75,27.44,27.25,20.44,48.44,83.94,89.75,88.38,74.81,73.06,61.75,59.12,
RH2M,2013,52.62,51.12,34,36.19,23.81,70.69,85.06,89.12,87.38,86.44,75.12,74.06,63.88,
RH2M,2014,73.56,61.12,51.69,35.25,36.06,51.19,78.75,88.19,86.5,79.5,59.38,55.44,63.12,
RH2M,2015,59.31,45.75,44.62,39.69,25.56,58.38,86.56,89.81,84.5,73.19,67.19,58.19,61.19,
RH2M,2016,46.19,41.75,33.56,18.81,36.06,53.56,83.94,89.88,90.12,79.06,72.81,67.81,59.56,
RH2M,2017,58,41,27.88,17,27.81,54.75,88.12,90.5,86.31,78.81,68.19,55.69,58,
RH2M,2018,38.12,39.44,22.75,28.69,35.44,58.19,85.38,90.19,87.19,71.88,60.56,54.81,56.19,
RH2M,2019,44.75,42.25,36,23.56,23.25,48.31,85.06,89.12,90.31,85.81,81.31,79.25,60.88,
RH2M,2020,72.5,59.44,62.81,42.12,40.69,74.38,87.5,89.44,87.69,82.06,73.62,65.69,69.88,
RH2M,2021,56.56,41.31,28.56,18.06,50.88,76,87,89.12,89,82.88,73.19,66.81,63.44,
RH2M,2022,66.31,48.75,33.69,15.75,34.38,53.25,83.94,87.88,89.12,84.56,73.88,66.19,61.62,
WD2M,1981,8.25,346.12,306.69,330.94,311.69,170.69,223.31,220.31,177.62,9.56,19.75,20.25,319.25,
WD2M,1982,10.44,340.62,334.94,294.5,314.06,242.62,230.25,227.56,246.06,39.81,22.12,356.38,307.38,
WD2M,1983,356.38,344.12,328,316.19,301.88,232.06,192.12,137.75,158.38,359.38,14.19,18.56,335.12,
WD2M,1984,11.31,351.69,333,306.75,327.94,311.75,228.31,239.56,273.44,16.69,27.06,16.19,326.31,
WD2M,1985,34.62,336.31,328.81,328.06,333.56,300.44,226.06,270.06,184.06,40.75,10.38,2.56,324.25,
WD2M,1986,347.25,345,309.56,295.25,318.88,321.88,238.31,46.62,341.81,34.81,35.31,46.62,322.31,
WD2M,1987,18.69,7.44,325.38,313.44,323.06,272.19,264.25,215.31,285.94,38.31,28.44,30.12,317,
WD2M,1988,357.19,329.19,297.56,264.94,355.44,319.5,192,230.94,138.94,16.56,48,48.38,324.69,
WD2M,1989,351.62,334.38,339.75,329.25,3.38,262.06,214.38,121.38,220.94,16.69,6.38,41.62,341.06,
WD2M,1990,346.88,331.81,344.81,314.94,198.31,246.69,254.25,149.94,200.25,28,31.81,48.5,318.25,
WD2M,1991,2.12,345.19,323.25,325.5,331.06,202.81,222.88,248.56,320.75,27.88,42.38,67.31,323.19,
WD2M,1992,358.19,344.38,330.75,309.06,321.75,231.62,241.31,144.44,35.19,24.5,77,9.44,336.38,
WD2M,1993,342.94,335.69,328.5,323.06,329.25,243.94,241.75,263.06,199.19,25.44,19.94,22.81,317.44,
WD2M,1994,3.81,351.94,335.38,315.19,319.12,281.62,221.5,108.5,342.12,54,64.94,26.31,341.5,
WD2M,1995,21,335.25,331.44,321.19,358.06,267.38,239.38,226.38,350.44,53.38,33.69,14.5,325.5,
WD2M,1996,358.94,340.5,332.19,308.88,329.06,195.44,230.12,193.56,272.44,55.81,39.12,21.75,329.75,
WD2M,1997,358.31,335.06,335.38,317.38,320.88,287.44,286.75,273.81,308.88,22.19,66.81,29.5,319.25,
WD2M,1998,344.44,342.81,325.5,272.12,325.25,292.88,234.38,231.25,128.94,36.69,44.44,20.75,309.44,
WD2M,1999,18.06,14.81,338.75,350.62,331.75,258.81,253.56,315.81,168.5,33.31,18.19,72.25,341.69,
WD2M,2000,339.75,349.56,314.94,327.81,302.44,212.5,237.81,207.06,302.62,36.25,38.5,8,323.81,
WD2M,2001,343.69,346.5,359,318.06,321.38,289.94,274.19,359.44,332.06,67.31,69.38,17.69,333.81,
WD2M,2002,203.94,343.69,337.38,316.94,326.94,260.19,280.19,57.31,4.12,33.75,23.44,357.94,329.25,
WD2M,2003,0.56,350.19,329.5,328.69,333.38,280.69,297.06,294.88,269.19,45,7.94,29.31,338.38,
WD2M,2004,22.88,349.25,338.38,278.25,308.81,222.88,231.56,260.69,341,39.94,15.5,23.75,317.94,
WD2M,2005,19.25,307.19,316,309.31,319.06,294.19,205.25,284.69,120.69,41.25,10.75,24.75,325.75,
WD2M,2006,355.38,345.12,336.62,321.81,243.81,206.81,240.56,12.38,355.81,348.19,41.81,9.5,327.62,
WD2M,2007,5.88,346.12,344.56,328.19,349.12,288.38,238.12,270.94,10.38,19.25,39.81,10.38,335.94,
WD2M,2008,1.88,340.62,334.25,343.19,332.25,272.75,238.94,237.12,19.69,17.31,50.25,28,329.31,
WD2M,2009,358.69,345.44,334.19,335.56,6,328,235.94,246.31,7.31,18.06,50.94,352.94,340.25,
WD2M,2010,8.62,330.38,325.25,314.88,242.31,268.81,154.94,168.75,108.69,37.25,49.25,11.25,332.94,
WD2M,2011,344.56,347.44,328.81,255.5,322.44,250.81,197.88,196.62,313.19,2.94,15.94,52.81,306.38,
WD2M,2012,345.94,326.25,329.94,304.62,343.19,282.69,235.62,180.81,16.25,28.12,26.81,9.69,321.69,
WD2M,2013,10.62,20.69,339,295.38,344.38,193.06,192.69,211.88,22.31,76.56,10.62,0.81,344.25,
WD2M,2014,14.5,326.75,313,296.38,298.06,286.44,273.56,264.56,300.25,43.12,353.56,18,316.44,
WD2M,2015,17,340.31,328.5,271.44,308,235.69,272.44,255.94,331.44,355.25,41,9.81,307,
WD2M,2016,351.31,40.69,347.19,289.19,249.88,189.44,217.62,244.19,47,3.81,3.38,15.19,292.19,
WD2M,2017,27.31,354.19,323.62,308.88,268.5,253.19,237.94,205,299.19,6.5,48.5,33.5,303.06,
WD2M,2018,353,336.94,317.75,247.81,229.62,234.62,243.44,284.38,296.12,17.12,41.75,20.88,288.75,
WD2M,2019,335.25,295.69,307.06,308.94,311.38,276.56,231.75,243.31,176,22.75,22.56,37.75,291.94,
WD2M,2020,337.62,343.75,267.94,278.75,288.81,232.88,223.81,253.12,243,48.94,35.19,358.44,283.06,
WD2M,2021,9.62,339.69,308.88,335.81,283.25,264.31,239.69,226.88,148.62,343.31,21.81,25,291.88,
WD2M,2022,347.44,306.81,333,303.81,269.06,251,128.44,224.25,171.06,61.94,12.62,10.19,308.69,
WS2M,1981,1.45,1.94,2,2.39,2.25,3.2,2.72,2.18,1.97,1.36,1.3,1.53,2.02,
WS2M,1982,1.52,1.91,2.14,2.21,1.99,2.38,2.55,2.51,1.66,1.15,1.29,1.52,1.9,
WS2M,1983,1.77,2.05,2.53,2.72,2.42,2.44,2.34,2.51,1.65,1.53,1.45,1.3,2.06,
WS2M,1984,1.53,2.06,2.27,2.09,2.8,2.89,2.06,2.7,2,1.49,1.31,1.59,2.07,
WS2M,1985,1.51,2,2.45,2.55,2.29,2.7,2.35,2.16,1.77,1.84,1.26,1.41,2.02,
WS2M,1986,1.49,1.83,2.05,2.47,2.23,2.65,2.58,2.31,1.95,1.41,1.33,1.52,1.98,
WS2M,1987,1.62,1.59,2.19,2.59,2.09,2.51,2.84,2.04,2.32,1.23,1.59,1.47,2.01,
WS2M,1988,1.7,2.01,2.22,2.14,2.34,2.35,2.42,2.03,1.62,1.5,1.41,1.45,1.93,
WS2M,1989,1.94,2.37,2.37,2.53,2.67,2.74,2.52,2.34,1.7,1.29,1.11,1.35,2.08,
WS2M,1990,2.07,1.91,2.2,2.53,2.41,2.48,2.91,2.33,1.91,1.58,1.65,1.36,2.12,
WS2M,1991,1.67,1.8,2.11,2.52,2.52,2.9,2.85,2.48,1.7,1.31,1.22,1.4,2.04,
WS2M,1992,1.69,1.95,2.5,2.23,2.19,2.49,2.48,2.04,2.05,1.56,1.28,1.51,2,
WS2M,1993,1.99,1.82,2.23,2.14,2.41,2.45,2.17,2.23,2.06,1.13,1.17,1.18,1.91,
WS2M,1994,1.45,1.82,2.3,1.98,2.34,2.44,2.8,2.36,1.81,1.27,1.05,1.08,1.89,
WS2M,1995,1.53,1.77,1.84,1.95,2.41,2.45,2.31,2.24,2.01,1.42,1.55,1.27,1.9,
WS2M,1996,1.63,1.81,2.05,2.05,2.33,2.98,2.26,2.1,1.32,1.49,1.16,1.48,1.89,
WS2M,1997,1.52,2.23,2.26,1.96,2.24,2.6,2.72,2.98,1.63,1.09,1.14,1.48,1.99,
WS2M,1998,1.44,1.55,1.97,1.86,2.45,2.57,2.7,2.03,1.67,1.54,1.5,1.33,1.88,
WS2M,1999,1.47,1.64,2.3,2.39,2.36,2.77,2.47,2.35,1.66,1.74,1.3,1.06,1.96,
WS2M,2000,1.55,1.77,2.31,2.31,2.41,2.62,2.17,2.31,2.13,1.45,1.35,1.74,2.02,
WS2M,2001,1.91,2.17,1.89,2.01,2.53,3.21,3.55,2.14,1.7,1.53,1.2,1.16,2.09,
WS2M,2002,1.51,1.89,1.96,2.16,2.74,2.53,2.38,2.16,1.91,1.21,1.44,1.62,1.96,
WS2M,2003,1.84,1.85,2.06,2.13,2.5,2.62,2.11,2.42,2,1.8,1.14,1.27,1.98,
WS2M,2004,1.39,1.65,1.89,2.08,2.2,2.98,2.2,2.17,1.7,1.25,1.2,1.3,1.84,
WS2M,2005,1.59,1.84,1.79,2.1,2.3,2.6,2.58,2.08,2.2,1.41,1.39,1.34,1.93,
WS2M,2006,1.56,1.8,1.84,2.16,2.11,1.98,3.12,2.83,2,1.12,1.07,1.38,1.91,
WS2M,2007,1.52,1.91,2.23,2.02,2.35,2.96,2.67,2.16,1.92,1.28,1.18,1.41,1.97,
WS2M,2008,1.7,1.66,1.74,2.06,2.49,2.66,2.4,2.24,1.87,1.16,1.12,1.17,1.86,
WS2M,2009,1.55,1.89,2.06,2.5,2.42,2.12,2.54,2.09,1.98,1.55,1.19,1.17,1.92,
WS2M,2010,1.43,1.95,2.21,2.21,2.51,2.58,2.41,1.88,1.61,1.55,1.17,1.46,1.91,
WS2M,2011,1.7,1.74,2.09,1.86,2.04,3.15,2.2,2.09,2.05,1.16,1.2,1.16,1.87,
WS2M,2012,1.59,1.81,2.07,2.09,2.34,2.99,2.15,2.11,1.64,1.22,1.42,1.41,1.9,
WS2M,2013,1.6,1.87,2.02,1.99,2.7,2.84,2.29,1.91,1.52,1.93,1.23,1.27,1.93,
WS2M,2014,1.61,1.76,1.8,1.96,2.49,2.6,2.24,2.1,1.75,1.5,1.3,1.4,1.88,
WS2M,2015,1.66,1.63,2,1.96,2.31,2.48,2.48,2.34,1.56,1.06,0.98,1.34,1.82,
WS2M,2016,1.44,1.57,1.76,2.2,2.3,2.34,2.58,2.36,1.73,1.33,1.42,1.4,1.87,
WS2M,2017,1.55,1.7,2.28,2.24,2.16,2.26,2.66,2.12,1.29,1.26,1.16,1.2,1.83,
WS2M,2018,1.5,1.63,1.85,2.17,2.41,2.7,2.54,2.5,2.03,1.38,1.19,1.45,1.95,
WS2M,2019,1.5,1.78,1.97,2.09,2.34,2.41,2.59,2.16,2.25,1.38,1.25,1.34,1.92,
WS2M,2020,1.53,1.66,1.5,1.86,2.12,2.33,2.12,2.45,1.41,1.29,1.22,1.18,1.73,
WS2M,2021,1.33,1.36,1.61,1.69,2.52,2.31,2.57,2.12,2.12,1.32,1.17,1.48,1.8,
WS2M,2022,1.43,1.77,1.75,1.81,2.56,2.38,2.41,2.27,1.92,1.52,1.15,1.32,1.86,
WD10M,1981,23.5,352.44,316.38,337.38,329.19,159.31,222.94,221.44,176.38,12.31,24.5,24.81,338.62,
WD10M,1982,18.69,346.69,341.94,299.69,319.12,240.31,229.62,227.94,247.94,44.5,25,1.62,319.06,
WD10M,1983,9.06,353.94,334.06,321.44,314.06,221.75,192.31,139.31,158.12,359,13.06,21.31,349.94,
WD10M,1984,26.44,358.25,336.69,311.62,332.06,311.12,228.88,240.94,280.12,19.44,31,20.75,334.12,
WD10M,1985,46.88,342.12,333.62,332.12,348.38,300,225.12,269.75,188.94,39.06,13.56,7.62,332.12,
WD10M,1986,10.5,353,314,305.81,333.38,324.5,237.94,42.06,341.19,43.88,36.62,48.94,332,
WD10M,1987,25.12,18.5,333.06,321.06,327.19,270.31,263.38,214.06,284.56,42.5,28.75,34.12,328.31,
WD10M,1988,6.06,350.38,304.62,270,2.62,320.06,191.44,230.25,142,21.5,52.62,54.12,348.25,
WD10M,1989,1.5,340.06,345.31,333,6.44,252.69,213.38,122.5,222.38,23.06,24.81,48.31,349.56,
WD10M,1990,350.88,349.38,354.62,319.62,197.38,243.19,254.31,150.31,199.12,29.81,31.94,50.94,335,
WD10M,1991,8.38,359.62,336.38,329.75,335.06,203.12,222.06,248.69,321.94,29.12,46,67.5,336.38,
WD10M,1992,6.19,354.5,335.69,316.81,327.88,225.62,239.06,144.5,25.69,23.75,73.5,14.12,348.06,
WD10M,1993,348.06,344.06,335.94,330.5,335.81,240.88,240.94,261.56,198.38,28.06,22.12,24.88,327.44,
WD10M,1994,10.88,6.88,341.25,328,326.81,280.38,221.31,109.69,342.81,55.88,67.25,32.38,353.12,
WD10M,1995,30.31,355.75,338.19,325.31,357.94,268.12,237.81,225.5,350.88,54.88,36.38,23.88,338.56,
WD10M,1996,10.81,0.06,338.5,316.88,332.25,195.88,227.88,192.12,290.38,56,40.75,24.75,348.44,
WD10M,1997,10.56,341.38,342.06,323.31,324.56,287.12,285.94,273.56,310.88,30.31,69,33.81,326.62,
WD10M,1998,352.56,0.38,336.5,277,332.12,294.5,233.88,230.31,128.94,38.19,44.38,25.44,327.06,
WD10M,1999,29.62,22.81,344.25,354.69,336.19,256.38,252.75,315.75,167.62,33.88,19,70.62,350.06,
WD10M,2000,353.12,10.25,323.31,334.56,303.62,210.38,237.5,205.62,304.12,41.19,47.88,13.12,335.94,
WD10M,2001,352.06,353.62,9.31,323.81,324.81,288.81,274,358.31,334.94,63.12,69.69,24.44,341.88,
WD10M,2002,164.62,357.81,345.12,324.44,331.12,256.88,277.38,67.5,2.5,35.62,25.69,6.25,338.06,
WD10M,2003,8.75,6.88,340.94,334.88,338.62,281,288.56,295.12,261.31,44.88,11.75,32.06,347.31,
WD10M,2004,33.19,355.5,344.56,281.44,310.38,222.12,229.88,260.56,340.19,40.75,17.31,26.88,327.38,
WD10M,2005,30.5,313.19,325.38,315.31,322.81,295.75,205.31,284.38,119.06,40.12,9.31,25.31,334.56,
WD10M,2006,0.12,350,342.12,330.19,241.88,201.69,240.38,352.12,356.81,348.88,50.25,14.81,336.88,
WD10M,2007,13.5,8.75,351.62,337,354.56,289.56,237.62,270.31,11.31,20,42.5,13.5,346.38,
WD10M,2008,7.31,351.38,345.12,350.25,335.81,272.06,238.94,236.75,15.5,20.25,51.75,31.88,339.75,
WD10M,2009,6.62,352.88,342.88,338.94,12.5,328.62,235.69,244.44,7.44,16.12,51.31,0.56,347.19,
WD10M,2010,16.38,341.94,332,320.94,247.19,267.75,155.56,169.25,100.75,36.25,50.81,15.88,350.38,
WD10M,2011,352.44,357.06,338.94,252.56,327.44,250.06,197.88,194.56,312.81,4.69,21.56,53.25,320.94,
WD10M,2012,1.94,338.94,338.25,309.75,347.25,281.94,235.69,181.31,16.12,30.94,29.31,16.5,331.5,
WD10M,2013,20.75,30.06,346.06,300.88,348.81,192.31,192,212.94,21.56,75.25,12.5,6.81,356.19,
WD10M,2014,22.5,352.06,323.44,300.31,298.62,285.81,270.38,263.38,302.56,42.94,355.19,21,325.12,
WD10M,2015,18.69,351.56,337.12,275.81,313.25,233.88,272,256.25,330.75,1.25,45.12,19.56,316.31,
WD10M,2016,1.56,46.38,357,292.19,248.62,188.31,217.12,243.38,58.5,3.31,4.19,18.12,308.56,
WD10M,2017,33.31,1.94,329.69,314.56,267.69,249.69,237.62,204.06,298.25,7.56,50.94,35.19,313.56,
WD10M,2018,0.06,344.94,327.75,245.12,224.94,233.19,243.06,283.69,298.25,21.75,49.31,25.81,299.88,
WD10M,2019,356,305.56,316.69,317.94,317.06,275.88,230.94,243.31,175.56,24.12,24.25,42.19,304,
WD10M,2020,350.19,355.19,266.81,283.06,293.94,231.69,223.06,252.5,241.88,47.62,35.81,2.81,295.31,
WD10M,2021,17.62,347.62,315.19,343.69,283.25,263.19,239.38,226.62,149.19,346.38,26,28.38,301.56,
WD10M,2022,1.19,318.5,341.75,311.06,270.56,249.56,129.25,224.75,171.31,57.62,14.81,12.81,329.06,
WS10M,1981,2.42,3.13,3.12,3.64,3.26,4.52,3.88,3.23,3,2.29,2.3,2.58,3.11,
WS10M,1982,2.46,3.03,3.33,3.3,2.92,3.34,3.68,3.66,2.59,1.88,2.15,2.63,2.91,
WS10M,1983,2.98,3.26,3.9,3.95,3.53,3.45,3.34,3.68,2.52,2.53,2.6,2.18,3.16,
WS10M,1984,2.52,3.28,3.62,3.1,4.12,4.05,2.99,3.94,3.09,2.45,2.25,2.82,3.19,
WS10M,1985,2.52,3.32,3.84,3.81,3.34,3.81,3.38,3.19,2.73,2.92,2.18,2.44,3.12,
WS10M,1986,2.49,2.91,3.2,3.7,3.25,3.76,3.72,3.44,3.01,2.27,2.2,2.51,3.04,
WS10M,1987,2.73,2.63,3.43,3.84,3.04,3.54,4.05,3.02,3.52,2,2.65,2.59,3.09,
WS10M,1988,2.91,3.23,3.41,3.25,3.46,3.29,3.46,3.02,2.52,2.39,2.4,2.45,2.98,
WS10M,1989,3.28,3.77,3.61,3.84,3.84,3.82,3.62,3.46,2.58,2.1,1.84,2.3,3.17,
WS10M,1990,3.56,3.09,3.38,3.8,3.41,3.46,4.14,3.43,2.91,2.55,2.79,2.32,3.24,
WS10M,1991,2.82,2.93,3.27,3.75,3.66,3.98,4.04,3.62,2.68,2.22,2.11,2.39,3.12,
WS10M,1992,2.89,3.23,3.89,3.38,3.24,3.53,3.53,3.02,3.14,2.59,2.2,2.7,3.11,
WS10M,1993,3.3,2.98,3.44,3.23,3.52,3.45,3.12,3.27,3.12,1.88,1.98,2.01,2.95,
WS10M,1994,2.39,2.98,3.65,2.97,3.39,3.41,4,3.47,2.81,2.09,1.81,1.78,2.9,
WS10M,1995,2.57,2.91,2.91,3,3.46,3.43,3.3,3.29,3.05,2.31,2.58,2.13,2.91,
WS10M,1996,2.74,2.97,3.23,3.12,3.42,4.12,3.26,3.09,2.09,2.41,1.99,2.65,2.92,
WS10M,1997,2.55,3.62,3.51,2.92,3.33,3.62,3.91,4.39,2.53,1.77,1.92,2.42,3.04,
WS10M,1998,2.38,2.48,3.09,2.86,3.6,3.59,3.86,2.97,2.55,2.46,2.49,2.29,2.89,
WS10M,1999,2.49,2.71,3.62,3.67,3.42,3.88,3.53,3.48,2.51,2.78,2.18,1.75,3,
WS10M,2000,2.58,2.86,3.62,3.53,3.46,3.64,3.11,3.4,3.25,2.42,2.34,3.05,3.1,
WS10M,2001,3.21,3.48,2.96,3.02,3.69,4.45,5.06,3.18,2.66,2.55,2.02,1.95,3.19,
WS10M,2002,2.45,3.06,3.05,3.31,3.98,3.55,3.44,3.18,2.93,1.97,2.49,2.78,3.02,
WS10M,2003,3.11,2.97,3.23,3.21,3.67,3.72,3.04,3.56,3.02,2.84,1.95,2.18,3.05,
WS10M,2004,2.31,2.73,3.03,3.15,3.23,4.2,3.18,3.21,2.63,1.95,1.94,2.23,2.82,
WS10M,2005,2.62,2.95,2.78,3.16,3.36,3.66,3.68,3.11,3.34,2.31,2.44,2.37,2.98,
WS10M,2006,2.65,2.95,2.82,3.25,3.02,2.78,4.41,4.15,3.07,1.84,1.78,2.3,2.92,
WS10M,2007,2.62,3.08,3.5,3.05,3.35,4.14,3.8,3.21,2.94,2.12,1.95,2.42,3.02,
WS10M,2008,2.8,2.73,2.77,3.16,3.59,3.72,3.46,3.3,2.9,1.95,1.95,2.02,2.87,
WS10M,2009,2.61,3.14,3.2,3.82,3.41,3.03,3.63,3.09,3.02,2.56,1.98,1.93,2.95,
WS10M,2010,2.45,3.1,3.46,3.38,3.57,3.55,3.38,2.77,2.48,2.48,1.96,2.55,2.93,
WS10M,2011,2.84,2.81,3.27,2.73,2.95,4.38,3.17,3.11,3.11,1.95,2.08,2.01,2.87,
WS10M,2012,2.6,2.95,3.27,3.14,3.47,4.2,3.05,3.11,2.55,2.02,2.38,2.45,2.93,
WS10M,2013,2.67,2.99,3.23,3.02,3.89,3.94,3.28,2.83,2.36,2.98,2.11,2.2,2.96,
WS10M,2014,2.69,2.81,2.9,3,3.61,3.66,3.21,3.12,2.72,2.42,2.23,2.47,2.9,
WS10M,2015,2.76,2.69,3.12,2.91,3.35,3.43,3.56,3.45,2.47,1.76,1.61,2.27,2.78,
WS10M,2016,2.37,2.53,2.75,3.29,3.29,3.2,3.64,3.47,2.66,2.23,2.47,2.49,2.87,
WS10M,2017,2.59,2.82,3.52,3.38,3.09,3.09,3.84,3.14,2.02,1.98,1.94,2.03,2.79,
WS10M,2018,2.52,2.66,2.86,3.22,3.43,3.72,3.61,3.68,3.09,2.23,2.03,2.39,2.95,
WS10M,2019,2.46,2.82,3.03,3.12,3.39,3.39,3.7,3.16,3.38,2.23,2.17,2.27,2.93,
WS10M,2020,2.52,2.71,2.31,2.8,3.13,3.26,3.06,3.6,2.22,2.13,2.09,1.99,2.66,
WS10M,2021,2.23,2.18,2.49,2.59,3.59,3.27,3.68,3.12,3.21,2.19,2.01,2.48,2.76,
WS10M,2022,2.36,2.9,2.82,2.72,3.62,3.32,3.45,3.34,2.92,2.42,1.98,2.24,2.84,
WS2M_MAX,1981,4.73,5.05,5.39,6.36,6.65,8.74,6.05,7.49,9.59,3.51,3.14,4.61,9.59,
WS2M_MAX,1982,5.26,4.54,5.91,6.11,5.74,6.73,6.26,7.49,5.28,3.84,4,4.58,7.49,
WS2M_MAX,1983,5.09,5.18,6.45,6.64,6.53,6.66,6.4,8.76,5.77,4.36,3.31,4.48,8.76,
WS2M_MAX,1984,5.9,6.16,5.64,5.24,6.19,6.91,6.16,6.97,5.3,5.88,4.09,5.05,6.97,
WS2M_MAX,1985,4.37,5.62,6.55,6.29,6.18,7.41,7.3,6.88,5.07,6.43,3.66,4.01,7.41,
WS2M_MAX,1986,4.26,4.3,6.34,6.14,6.53,6.16,7.26,6.16,5.88,4.27,3.68,5.73,7.26,
WS2M_MAX,1987,4.38,4.38,5.6,8.2,4.91,5.72,8.02,5.31,7.71,4.63,4.02,4.26,8.2,
WS2M_MAX,1988,4.7,5.22,5.96,5.94,6.99,7.77,6.93,7.29,5.62,5.89,5.68,5.38,7.77,
WS2M_MAX,1989,5.33,6.17,6.15,6.05,7.28,6.8,8.23,6.49,4.92,3.79,3.48,3.92,8.23,
WS2M_MAX,1990,5.91,4.91,6.16,5.95,8.02,6.31,5.81,6.24,5.82,4.65,4.77,3.47,8.02,
WS2M_MAX,1991,5.51,4.82,6.16,7.23,5.91,6.02,8.94,5.87,5,3.7,2.84,4.13,8.94,
WS2M_MAX,1992,4.64,5.28,6.16,5.55,6.45,7.64,8.49,5.43,6.55,4.95,3.28,4.05,8.49,
WS2M_MAX,1993,5.84,5.4,6.19,6.23,6.88,6.3,6.48,5.8,5.26,2.8,3.06,3.07,6.88,
WS2M_MAX,1994,5.3,5.59,6.73,6.23,5.93,6.07,6.84,6.19,6.09,4.71,2.71,3.23,6.84,
WS2M_MAX,1995,5.95,4.38,6.02,5.09,7.9,6.25,6.46,5.14,5.8,4.34,6.43,4.23,7.9,
WS2M_MAX,1996,4.98,6.09,5.77,5.43,7.14,6.05,9.44,5.68,4.36,5.12,3.25,4.06,9.44,
WS2M_MAX,1997,4.18,5.36,6.66,5.8,7.52,6.77,10.58,6.55,6.44,3,3.99,6.53,10.58,
WS2M_MAX,1998,4.05,4.16,5.69,5.03,7.45,7.41,6.72,4.73,5.25,4.7,5.27,3.2,7.45,
WS2M_MAX,1999,4.36,4.35,6.45,5.29,6.23,7.88,6.09,7.72,4.99,5.36,3.44,2.81,7.88,
WS2M_MAX,2000,4.18,6,6.07,6.21,6.7,9.81,5.35,6.93,6.45,4.71,4.09,4.42,9.81,
WS2M_MAX,2001,5.13,5.45,4.39,5.12,7.26,7.74,7.52,4.91,6.34,5,4.12,3.09,7.74,
WS2M_MAX,2002,4.84,5.69,4.71,6.25,7.36,6.03,5.71,6.98,5.73,3.86,4.55,4.93,7.36,
WS2M_MAX,2003,4.81,5.22,5.32,5.96,6.96,6.79,10.33,7.02,6.91,5.55,2.82,4.2,10.33,
WS2M_MAX,2004,4.11,4.09,5.2,6.23,7.16,9.49,5.92,6.23,5.28,6.26,3.5,3.45,9.49,
WS2M_MAX,2005,4.52,5.71,4.87,5.55,5.42,8.34,6.55,5.83,5.48,3.75,4.44,3.9,8.34,
WS2M_MAX,2006,4.11,4.52,4.82,5.77,6.57,5.32,8.25,8.12,7.14,3.07,2.77,4.11,8.25,
WS2M_MAX,2007,3.98,5.73,5.39,5.2,5.81,7.65,7.02,8.34,8.27,3.56,4.12,4.79,8.34,
WS2M_MAX,2008,4.08,4.5,5.01,5.28,7.38,6.61,6.17,5.24,8.15,4,2.89,2.96,8.15,
WS2M_MAX,2009,3.69,5.42,5.03,6.23,6.98,6.3,6.29,5.54,6,5.83,4.01,3.86,6.98,
WS2M_MAX,2010,4.04,5.46,5.52,6.87,6.71,6.23,6.75,6.08,6.11,5.05,3.29,3.58,6.87,
WS2M_MAX,2011,4.83,5.11,6.02,5.81,5.79,9.06,6.11,4.9,5.34,3.8,2.93,2.62,9.06,
WS2M_MAX,2012,4.23,5.63,5.24,5.45,5.71,5.97,5.8,5.37,5.54,2.8,3.45,4.58,5.97,
WS2M_MAX,2013,4.66,6.45,5.3,5.51,6.95,7.23,6.9,5.84,4.89,8.27,3.74,3.41,8.27,
WS2M_MAX,2014,5.57,5.66,4.84,5.52,5.9,6.91,6.23,5.93,5.4,7.59,3.48,3.52,7.59,
WS2M_MAX,2015,5.42,4.12,5.12,4.9,6.08,7.1,7.92,6.63,5.28,2.7,2.78,3.98,7.92,
WS2M_MAX,2016,4.2,4.05,5.61,5.81,6.62,5.66,6.16,6.2,4.71,3.98,3.9,3.38,6.62,
WS2M_MAX,2017,4.34,4.52,5.9,6.5,6.3,5.08,6.63,4.67,4.63,4.59,2.79,3.74,6.63,
WS2M_MAX,2018,5.26,5.47,4.96,5.54,5.59,6.9,5.94,6.12,7.48,4.42,3.48,5.11,7.48,
WS2M_MAX,2019,4.09,5.3,5.61,5.26,5.96,5.86,7.21,5.38,5.38,5.82,3.95,4.66,7.21,
WS2M_MAX,2020,4.51,4.72,3.84,5.29,8.02,6.27,5.52,6.07,4.75,3.73,3.19,3.45,8.02,
WS2M_MAX,2021,3.73,3.59,6.14,4.42,8.99,5.52,5.77,5.84,5.95,4.13,2.99,3.95,8.99,
WS2M_MAX,2022,3.66,5.69,4.56,5.19,6.42,5.91,6.02,6.38,6.5,4.3,2.74,3.35,6.5,
WS2M_MIN,1981,0.05,0.35,0.2,0.16,0.09,0.41,0.23,0.38,0.18,0.17,0.06,0.07,0.05,
WS2M_MIN,1982,0.06,0.35,0.03,0.17,0.01,0.04,0.41,0.25,0.06,0.09,0.02,0.06,0.01,
WS2M_MIN,1983,0.16,0.3,0.23,0.12,0.1,0.05,0.2,0.09,0.09,0.02,0.14,0.02,0.02,
WS2M_MIN,1984,0.09,0.18,0.12,0.11,0.27,0.08,0.1,0.36,0.34,0.02,0.09,0.06,0.02,
WS2M_MIN,1985,0.05,0.18,0.41,0.19,0.23,0.38,0.1,0.02,0.18,0.22,0.05,0.24,0.02,
WS2M_MIN,1986,0.05,0.17,0.16,0.31,0.07,0.09,0.17,0.22,0.08,0.07,0.1,0.09,0.05,
WS2M_MIN,1987,0.03,0.13,0.11,0.18,0.05,0.15,0.2,0.15,0.12,0.05,0.23,0.05,0.03,
WS2M_MIN,1988,0.12,0.21,0.06,0.24,0.11,0.04,0.07,0.2,0.07,0.05,0.05,0.05,0.04,
WS2M_MIN,1989,0.2,0.13,0.09,0.17,0.13,0.2,0.16,0.11,0.05,0.09,0.02,0.12,0.02,
WS2M_MIN,1990,0.14,0.08,0.08,0.19,0.16,0.16,0.34,0.03,0.05,0.16,0.47,0.08,0.03,
WS2M_MIN,1991,0.05,0.09,0.15,0.44,0.24,0.09,0.1,0.12,0.05,0.23,0.09,0.09,0.05,
WS2M_MIN,1992,0.12,0.29,0.17,0.2,0.15,0.12,0.37,0.12,0.3,0.39,0.09,0.1,0.09,
WS2M_MIN,1993,0.23,0.12,0.23,0.17,0.21,0.13,0.09,0.03,0.16,0.16,0.04,0.05,0.03,
WS2M_MIN,1994,0.02,0.15,0.21,0.14,0.21,0.19,0.09,0.12,0.1,0.07,0.03,0.06,0.02,
WS2M_MIN,1995,0.12,0.02,0.2,0.09,0.2,0.08,0.17,0.09,0.23,0.09,0.04,0.02,0.02,
WS2M_MIN,1996,0.07,0.23,0.16,0.05,0.29,0.24,0.02,0.16,0.11,0.06,0.12,0.36,0.02,
WS2M_MIN,1997,0.09,0.2,0.34,0.1,0.3,0.4,0.09,0.09,0.08,0.1,0.05,0.08,0.05,
WS2M_MIN,1998,0.05,0.14,0.06,0.17,0.26,0.03,0.1,0.1,0.09,0.12,0.13,0.05,0.03,
WS2M_MIN,1999,0.02,0.05,0.21,0.4,0.25,0.16,0.17,0.03,0.1,0.03,0.09,0.02,0.02,
WS2M_MIN,2000,0.17,0.16,0.25,0.23,0.03,0.16,0.24,0.41,0.15,0.05,0.22,0.15,0.03,
WS2M_MIN,2001,0.04,0.02,0.1,0.03,0.19,0.16,0.07,0.18,0.05,0.14,0.11,0.06,0.02,
WS2M_MIN,2002,0.09,0.08,0.13,0.16,0.22,0.18,0.09,0.12,0.07,0.03,0.11,0.36,0.03,
WS2M_MIN,2003,0.16,0.2,0.05,0.24,0.19,0.12,0.29,0.27,0.09,0.15,0.12,0.02,0.02,
WS2M_MIN,2004,0.04,0.09,0.09,0.09,0.19,0.12,0.17,0.16,0.09,0.12,0.09,0.13,0.04,
WS2M_MIN,2005,0.09,0.11,0.06,0.02,0.41,0.11,0.11,0.24,0.32,0.22,0.16,0.2,0.02,
WS2M_MIN,2006,0.18,0.2,0.12,0.28,0.2,0.17,0.48,0.1,0.08,0.11,0.02,0.07,0.02,
WS2M_MIN,2007,0.15,0.09,0.15,0.07,0.15,0.08,0.27,0.07,0.04,0.11,0.04,0.04,0.04,
WS2M_MIN,2008,0.03,0.09,0.11,0.05,0.08,0.04,0.45,0.09,0.13,0.06,0.04,0.08,0.03,
WS2M_MIN,2009,0.11,0.14,0.04,0.07,0.08,0.17,0.13,0.08,0.14,0.18,0.05,0.01,0.01,
WS2M_MIN,2010,0.16,0.09,0.12,0.18,0.1,0.18,0.3,0.2,0.05,0.05,0.06,0.12,0.05,
WS2M_MIN,2011,0.07,0,0.14,0.08,0.15,0.18,0.24,0.25,0.05,0.08,0.09,0.1,0,
WS2M_MIN,2012,0.07,0.08,0.26,0.19,0.22,0.28,0.05,0.21,0.12,0.18,0.05,0.15,0.05,
WS2M_MIN,2013,0.09,0.17,0.33,0.17,0.17,0.23,0.12,0.06,0.05,0.16,0.09,0.07,0.05,
WS2M_MIN,2014,0.02,0.19,0.05,0.15,0.16,0.19,0.02,0.14,0.15,0.05,0.09,0.13,0.02,
WS2M_MIN,2015,0.08,0.16,0.15,0.04,0.15,0.15,0.2,0.12,0.04,0.16,0.09,0.02,0.02,
WS2M_MIN,2016,0.09,0.12,0.12,0.17,0.14,0.03,0.42,0.08,0.24,0.08,0.08,0.12,0.03,
WS2M_MIN,2017,0.17,0.15,0.05,0.27,0.19,0.13,0.28,0.27,0.09,0.09,0.09,0.05,0.05,
WS2M_MIN,2018,0.18,0.16,0.2,0.22,0.22,0.08,0.2,0.16,0.3,0.23,0.07,0.12,0.07,
WS2M_MIN,2019,0.07,0.08,0.1,0.16,0.16,0.2,0.16,0.12,0.19,0.05,0.23,0.1,0.05,
WS2M_MIN,2020,0.04,0.14,0.09,0.06,0.11,0.12,0.11,0.2,0.21,0.21,0.05,0.1,0.04,
WS2M_MIN,2021,0.08,0.13,0.11,0.09,0.05,0.16,0.58,0.12,0.07,0.18,0.05,0.09,0.05,
WS2M_MIN,2022,0.12,0.12,0.05,0.15,0.16,0.04,0.2,0.16,0.16,0.07,0.26,0.09,0.04,
WS10M_MAX,1981,6.59,6.99,7.09,8.44,8.7,12.28,8.31,10.66,14.23,4.98,4.37,6.5,14.23,
WS10M_MAX,1982,7.24,6.2,7.9,8.3,7.64,8.96,8.81,10.98,7.52,5.44,5.73,6.44,10.98,
WS10M_MAX,1983,6.91,7.11,8.81,9.12,8.67,8.96,8.88,12.66,8.21,6.2,4.62,6.23,12.66,
WS10M_MAX,1984,8.36,8.65,7.8,6.93,8.13,9.42,8.83,9.93,7.84,8.52,5.7,7.14,9.93,
WS10M_MAX,1985,5.95,7.62,9.04,8.32,8.12,10.02,9.92,9.7,7.27,9.45,5.1,5.5,10.02,
WS10M_MAX,1986,5.84,6,8.76,8.33,8.65,8.05,10.39,8.69,8.48,6.07,5.17,8.09,10.39,
WS10M_MAX,1987,5.88,5.8,7.77,11.15,6.51,7.97,11.06,7.45,11.27,6.62,5.82,6.19,11.27,
WS10M_MAX,1988,6.4,6.98,8.04,8.4,9.24,10.66,9.66,10.52,8.15,8.55,8.11,7.66,10.66,
WS10M_MAX,1989,7.37,8.53,8.69,8.18,9.79,9.33,11.5,9.2,6.93,5.38,4.88,5.6,11.5,
WS10M_MAX,1990,8.23,7.05,8.45,7.9,10.91,8.55,8.05,8.89,8.28,6.84,6.89,4.98,10.91,
WS10M_MAX,1991,7.77,6.38,8.33,9.59,7.74,8.04,12.84,8.35,7.12,5.28,3.99,5.75,12.84,
WS10M_MAX,1992,6.44,7.23,8.38,7.25,8.51,10.43,12.19,7.91,9.52,7.09,4.46,5.63,12.19,
WS10M_MAX,1993,8.06,7.28,8.29,8.18,9.09,8.43,8.9,8.11,7.45,3.88,4.27,4.27,9.09,
WS10M_MAX,1994,7.34,7.62,9.09,8.72,7.95,8.13,9.53,8.8,8.77,6.77,3.77,4.45,9.53,
WS10M_MAX,1995,8.59,6.23,8.36,6.65,10.73,8.3,9.22,7.27,8.3,6.15,9.59,6.34,10.73,
WS10M_MAX,1996,6.91,8.34,7.84,7.09,9.6,8.33,13.51,8.14,6.16,7.4,4.62,5.62,13.51,
WS10M_MAX,1997,5.7,7.37,8.95,7.73,9.94,9.47,15.2,9.64,9.48,4.32,5.63,9.57,15.2,
WS10M_MAX,1998,5.62,6.06,8.02,6.74,9.95,9.91,9.29,6.62,7.8,6.83,7.74,4.45,9.95,
WS10M_MAX,1999,6.04,5.79,8.66,7.09,8.16,10.71,8.69,11.16,7.21,7.66,4.86,3.83,11.16,
WS10M_MAX,2000,5.88,8.31,8.13,8.3,8.85,13.62,7.36,9.91,9.49,6.67,5.62,6.12,13.62,
WS10M_MAX,2001,7.04,7.42,6.15,6.77,9.69,10.86,10.7,7.19,9.11,7.21,5.83,4.37,10.86,
WS10M_MAX,2002,6.66,7.77,6.33,8.37,9.9,8.16,7.8,9.96,8.47,5.57,6.52,6.85,9.96,
WS10M_MAX,2003,6.65,7.07,7.11,7.95,9.37,8.95,14.81,10.08,10.17,8.13,4.07,5.9,14.81,
WS10M_MAX,2004,5.73,5.47,6.91,8.35,9.64,13.08,8.17,9.04,7.58,9.07,4.92,4.73,13.08,
WS10M_MAX,2005,6.38,7.91,6.45,7.25,7.2,11.62,9.11,8.26,7.87,5.32,6.4,5.49,11.62,
WS10M_MAX,2006,5.65,6.01,6.88,7.74,8.78,7,11.32,11.53,10.41,4.34,3.87,5.68,11.53,
WS10M_MAX,2007,5.47,7.95,7.3,6.85,7.73,10.52,9.65,12.07,12.27,5.2,5.91,6.96,12.27,
WS10M_MAX,2008,5.55,6.09,6.61,6.88,10.03,9.05,8.59,7.55,11.99,5.62,4.12,4,11.99,
WS10M_MAX,2009,4.95,7.36,7.18,8.33,9.19,8.42,8.78,7.73,8.73,8.45,5.7,5.26,9.19,
WS10M_MAX,2010,5.58,7.3,7.39,9.26,8.97,8.23,9.27,8.45,8.83,7.34,4.62,4.9,9.27,
WS10M_MAX,2011,6.64,6.84,8.22,8.16,8.02,12.73,8.48,6.95,7.74,5.37,4.14,3.59,12.73,
WS10M_MAX,2012,6.01,7.79,7.07,7.16,7.48,8,8.24,7.59,7.98,3.92,4.84,6.54,8.24,
WS10M_MAX,2013,6.36,9.4,7.23,7.45,9.39,9.91,9.92,8.34,6.95,12.27,5.32,4.84,12.27,
WS10M_MAX,2014,7.87,7.77,6.55,7.27,7.91,9.41,8.66,8.4,7.76,11.32,5.01,4.91,11.32,
WS10M_MAX,2015,7.69,5.41,7.01,6.57,7.98,9.7,11.25,9.32,7.52,3.76,3.91,5.48,11.25,
WS10M_MAX,2016,5.76,5.38,7.94,7.8,8.77,7.53,8.47,8.75,6.77,5.63,5.56,4.75,8.77,
WS10M_MAX,2017,6.01,6,7.92,8.71,8.31,7.07,9.3,6.6,6.65,6.62,3.86,5.25,9.3,
WS10M_MAX,2018,7.2,7.48,6.55,7.89,7.38,9.25,8.23,8.49,10.9,6.34,4.86,7.29,10.9,
WS10M_MAX,2019,5.55,7.12,7.52,6.94,8.3,7.73,10.24,7.49,7.69,8.43,5.59,6.58,10.24,
WS10M_MAX,2020,6.26,6.39,5.23,6.97,10.75,8.42,7.7,8.91,6.9,5.25,4.38,4.82,10.75,
WS10M_MAX,2021,5,4.77,8.31,5.8,12.43,7.41,8.14,8.26,8.71,5.89,4.16,5.55,12.43,
WS10M_MAX,2022,5.04,7.89,6.04,6.86,8.52,8,8.23,9.12,9.45,6.27,3.8,4.65,9.45,
WS10M_MIN,1981,0.06,0.45,0.37,0.32,0.06,0.53,0.41,0.78,0.24,0.35,0.08,0.11,0.06,
WS10M_MIN,1982,0.09,0.47,0.16,0.23,0.05,0.03,0.78,0.39,0.11,0.09,0.05,0.12,0.03,
WS10M_MIN,1983,0.2,0.47,0.17,0.06,0.12,0.05,0.3,0.11,0.09,0.04,0.2,0.06,0.04,
WS10M_MIN,1984,0.16,0.23,0.14,0.12,0.49,0.08,0.23,0.43,0.58,0.04,0.09,0.07,0.04,
WS10M_MIN,1985,0.02,0.25,0.5,0.32,0.31,0.66,0.13,0.09,0.26,0.25,0.06,0.29,0.02,
WS10M_MIN,1986,0.19,0.2,0.3,0.45,0.14,0.18,0.34,0.38,0.1,0.07,0.12,0.18,0.07,
WS10M_MIN,1987,0.15,0.37,0.13,0.27,0.07,0.17,0.28,0.17,0.16,0.08,0.27,0.06,0.06,
WS10M_MIN,1988,0.08,0.11,0.08,0.38,0.13,0.04,0.09,0.22,0.09,0.06,0.07,0.05,0.04,
WS10M_MIN,1989,0.38,0.15,0.12,0.2,0.11,0.22,0.23,0.14,0.09,0.14,0.05,0.15,0.05,
WS10M_MIN,1990,0.17,0.08,0.09,0.13,0.21,0.26,0.7,0.02,0.08,0.2,0.73,0.07,0.02,
WS10M_MIN,1991,0.12,0.17,0.22,0.51,0.34,0.12,0.16,0.27,0.08,0.3,0.12,0.05,0.05,
WS10M_MIN,1992,0.23,0.38,0.2,0.33,0.27,0.16,0.62,0.16,0.43,0.52,0.14,0.14,0.14,
WS10M_MIN,1993,0.26,0.1,0.27,0.2,0.23,0.16,0.15,0.07,0.2,0.27,0.11,0.06,0.06,
WS10M_MIN,1994,0.07,0.28,0.27,0.15,0.29,0.2,0.04,0.23,0.15,0.06,0.12,0.02,0.02,
WS10M_MIN,1995,0.09,0.16,0.27,0.2,0.23,0.15,0.26,0.11,0.4,0.11,0.07,0.05,0.05,
WS10M_MIN,1996,0.14,0.35,0.19,0.06,0.33,0.44,0.17,0.18,0.13,0.08,0.15,0.44,0.06,
WS10M_MIN,1997,0.22,0.27,0.59,0.12,0.34,0.77,0.05,0.08,0.09,0.07,0.06,0.09,0.05,
WS10M_MIN,1998,0.11,0.2,0.12,0.2,0.36,0.09,0.12,0.12,0.13,0.22,0.17,0.05,0.05,
WS10M_MIN,1999,0.23,0.05,0.26,0.55,0.43,0.18,0.21,0.08,0.11,0.04,0.06,0.02,0.02,
WS10M_MIN,2000,0.22,0.25,0.41,0.32,0.05,0.23,0.48,0.51,0.13,0.06,0.28,0.18,0.05,
WS10M_MIN,2001,0.02,0.02,0.12,0.04,0.21,0.27,0.09,0.28,0.09,0.16,0.14,0.14,0.02,
WS10M_MIN,2002,0,0.09,0.15,0.2,0.26,0.43,0.13,0.14,0.18,0.08,0.14,0.49,0,
WS10M_MIN,2003,0.2,0.28,0.07,0.29,0.23,0.32,0.36,0.51,0.14,0.12,0.17,0.11,0.07,
WS10M_MIN,2004,0.09,0.14,0.12,0.18,0.22,0.21,0.22,0.19,0.21,0.17,0.16,0.27,0.09,
WS10M_MIN,2005,0.1,0.13,0.04,0.25,0.52,0.01,0.17,0.39,0.54,0.3,0.23,0.17,0.01,
WS10M_MIN,2006,0.23,0.23,0.14,0.48,0.27,0.22,0.69,0.23,0.05,0.15,0.09,0.2,0.05,
WS10M_MIN,2007,0.18,0.06,0.23,0.11,0.18,0.1,0.42,0.07,0.04,0.16,0.14,0.05,0.04,
WS10M_MIN,2008,0.06,0.1,0.2,0.06,0.07,0.05,0.77,0.15,0.16,0.07,0.12,0.08,0.05,
WS10M_MIN,2009,0.24,0.16,0.04,0.08,0.16,0.25,0.13,0.11,0.17,0.22,0.13,0.09,0.04,
WS10M_MIN,2010,0.19,0.11,0.16,0.21,0.12,0.21,0.42,0.26,0.09,0.06,0.05,0.15,0.05,
WS10M_MIN,2011,0.09,0.12,0.16,0.16,0.24,0.21,0.43,0.34,0.03,0.04,0.11,0.12,0.03,
WS10M_MIN,2012,0.22,0.05,0.22,0.26,0.26,0.45,0.02,0.45,0.2,0.19,0.01,0.12,0.01,
WS10M_MIN,2013,0.19,0.17,0.51,0.24,0.2,0.27,0.15,0.1,0.13,0.22,0.09,0.08,0.08,
WS10M_MIN,2014,0.08,0.23,0.1,0.18,0.2,0.25,0.03,0.25,0.16,0.05,0.12,0.16,0.03,
WS10M_MIN,2015,0.2,0.12,0.17,0.02,0.16,0.17,0.31,0.13,0.06,0.19,0.02,0.09,0.02,
WS10M_MIN,2016,0.16,0.16,0.18,0.27,0.2,0.1,0.64,0.06,0.35,0.07,0.09,0.15,0.06,
WS10M_MIN,2017,0.25,0.18,0.23,0.3,0.31,0.18,0.38,0.48,0.11,0.11,0.18,0.1,0.1,
WS10M_MIN,2018,0.23,0.34,0.3,0.32,0.3,0.09,0.39,0.21,0.42,0.23,0.09,0.22,0.09,
WS10M_MIN,2019,0.12,0.08,0.18,0.18,0.22,0.34,0.27,0.16,0.38,0.09,0.32,0.12,0.08,
WS10M_MIN,2020,0.07,0.16,0.12,0.13,0.12,0.08,0.19,0.26,0.26,0.3,0.07,0.12,0.07,
WS10M_MIN,2021,0.16,0.16,0.15,0.12,0.03,0.2,0.99,0.2,0.2,0.22,0.05,0.16,0.03,
WS10M_MIN,2022,0.09,0.11,0.05,0.2,0.23,0.09,0.25,0.2,0.28,0.09,0.32,0.09,0.05,
WS2M_RANGE,1981,4.69,4.7,5.19,6.2,6.56,8.33,5.82,7.12,9.41,3.34,3.08,4.54,9.55,
WS2M_RANGE,1982,5.2,4.19,5.88,5.94,5.73,6.69,5.84,7.24,5.22,3.76,3.98,4.52,7.48,
WS2M_RANGE,1983,4.92,4.88,6.22,6.52,6.43,6.62,6.2,8.67,5.69,4.34,3.17,4.46,8.74,
WS2M_RANGE,1984,5.81,5.98,5.52,5.13,5.91,6.83,6.06,6.61,4.96,5.86,4,4.99,6.95,
WS2M_RANGE,1985,4.32,5.44,6.14,6.1,5.95,7.03,7.2,6.85,4.89,6.21,3.61,3.77,7.38,
WS2M_RANGE,1986,4.2,4.12,6.19,5.83,6.46,6.08,7.09,5.94,5.8,4.2,3.58,5.65,7.2,
WS2M_RANGE,1987,4.35,4.25,5.49,8.02,4.87,5.57,7.82,5.16,7.59,4.58,3.8,4.21,8.17,
WS2M_RANGE,1988,4.59,5.01,5.9,5.7,6.88,7.73,6.86,7.09,5.55,5.84,5.62,5.34,7.73,
WS2M_RANGE,1989,5.13,6.04,6.05,5.88,7.15,6.6,8.08,6.38,4.88,3.7,3.47,3.8,8.22,
WS2M_RANGE,1990,5.77,4.83,6.08,5.77,7.86,6.15,5.48,6.21,5.77,4.48,4.3,3.39,7.99,
WS2M_RANGE,1991,5.45,4.73,6.02,6.8,5.66,5.93,8.84,5.74,4.95,3.48,2.75,4.05,8.88,
WS2M_RANGE,1992,4.52,4.99,5.99,5.34,6.3,7.52,8.12,5.31,6.25,4.55,3.2,3.95,8.41,
WS2M_RANGE,1993,5.61,5.28,5.96,6.06,6.67,6.17,6.39,5.77,5.1,2.64,3.02,3.02,6.85,
WS2M_RANGE,1994,5.28,5.45,6.52,6.09,5.72,5.88,6.75,6.07,5.99,4.64,2.68,3.17,6.81,
WS2M_RANGE,1995,5.83,4.35,5.83,5,7.7,6.17,6.29,5.05,5.56,4.26,6.39,4.21,7.88,
WS2M_RANGE,1996,4.91,5.86,5.62,5.38,6.85,5.81,9.41,5.52,4.25,5.06,3.13,3.7,9.41,
WS2M_RANGE,1997,4.09,5.16,6.32,5.7,7.21,6.37,10.49,6.45,6.36,2.9,3.94,6.45,10.52,
WS2M_RANGE,1998,4,4.02,5.62,4.86,7.2,7.38,6.62,4.63,5.16,4.58,5.13,3.15,7.42,
WS2M_RANGE,1999,4.34,4.3,6.24,4.89,5.98,7.72,5.92,7.69,4.89,5.33,3.34,2.8,7.86,
WS2M_RANGE,2000,4.01,5.84,5.82,5.98,6.66,9.65,5.11,6.52,6.3,4.66,3.87,4.27,9.78,
WS2M_RANGE,2001,5.09,5.43,4.29,5.09,7.07,7.59,7.45,4.73,6.29,4.86,4.01,3.03,7.73,
WS2M_RANGE,2002,4.75,5.61,4.58,6.09,7.14,5.85,5.62,6.87,5.66,3.83,4.45,4.57,7.33,
WS2M_RANGE,2003,4.65,5.02,5.27,5.72,6.77,6.66,10.04,6.75,6.83,5.4,2.7,4.18,10.3,
WS2M_RANGE,2004,4.07,4,5.12,6.14,6.98,9.37,5.75,6.08,5.2,6.13,3.41,3.32,9.45,
WS2M_RANGE,2005,4.42,5.6,4.8,5.53,5.02,8.23,6.44,5.59,5.16,3.53,4.28,3.7,8.32,
WS2M_RANGE,2006,3.93,4.33,4.7,5.49,6.38,5.15,7.77,8.02,7.06,2.96,2.75,4.04,8.23,
WS2M_RANGE,2007,3.84,5.65,5.24,5.13,5.66,7.57,6.75,8.27,8.23,3.45,4.09,4.75,8.3,
WS2M_RANGE,2008,4.05,4.41,4.9,5.23,7.3,6.57,5.72,5.16,8.02,3.94,2.85,2.88,8.12,
WS2M_RANGE,2009,3.58,5.28,4.99,6.16,6.9,6.12,6.16,5.46,5.86,5.65,3.96,3.85,6.97,
WS2M_RANGE,2010,3.88,5.37,5.4,6.69,6.61,6.05,6.45,5.88,6.05,5.01,3.23,3.46,6.82,
WS2M_RANGE,2011,4.76,5.11,5.88,5.73,5.64,8.88,5.87,4.65,5.29,3.72,2.84,2.52,9.06,
WS2M_RANGE,2012,4.16,5.55,4.98,5.26,5.49,5.69,5.76,5.16,5.41,2.62,3.39,4.43,5.92,
WS2M_RANGE,2013,4.56,6.27,4.97,5.34,6.77,7,6.77,5.77,4.84,8.1,3.66,3.34,8.22,
WS2M_RANGE,2014,5.55,5.48,4.78,5.38,5.73,6.72,6.21,5.79,5.25,7.53,3.39,3.38,7.57,
WS2M_RANGE,2015,5.34,3.96,4.98,4.86,5.93,6.95,7.72,6.52,5.24,2.54,2.69,3.96,7.9,
WS2M_RANGE,2016,4.11,3.92,5.48,5.64,6.48,5.62,5.73,6.12,4.47,3.91,3.82,3.25,6.59,
WS2M_RANGE,2017,4.17,4.38,5.84,6.23,6.11,4.95,6.35,4.4,4.55,4.49,2.7,3.7,6.59,
WS2M_RANGE,2018,5.08,5.31,4.77,5.32,5.38,6.82,5.73,5.96,7.17,4.2,3.41,4.99,7.41,
WS2M_RANGE,2019,4.02,5.23,5.51,5.09,5.8,5.66,7.05,5.27,5.2,5.77,3.72,4.56,7.16,
WS2M_RANGE,2020,4.47,4.58,3.74,5.23,7.91,6.15,5.41,5.88,4.54,3.52,3.14,3.34,7.98,
WS2M_RANGE,2021,3.65,3.45,6.03,4.34,8.94,5.36,5.2,5.73,5.88,3.95,2.94,3.85,8.94,
WS2M_RANGE,2022,3.55,5.57,4.52,5.04,6.27,5.87,5.82,6.23,6.34,4.23,2.48,3.27,6.46,
PRECTOTCORR,1981,0,0,0,0,0,5.27,15.82,10.55,5.27,0,0,0,5.27,36.91
PRECTOTCORR,1982,0,0,0,0,0,5.27,10.55,15.82,5.27,0,0,0,5.27,36.91
PRECTOTCORR,1983,0,0,0,0,0,5.27,10.55,5.27,10.55,0,0,0,5.27,31.64
PRECTOTCORR,1984,0,0,0,0,0,5.27,15.82,15.82,5.27,0,0,0,5.27,42.18
PRECTOTCORR,1985,0,0,0,0,0,0,10.55,10.55,5.27,0,0,0,5.27,26.37
PRECTOTCORR,1986,0,0,0,0,0,5.27,10.55,5.27,5.27,0,0,0,5.27,26.36
PRECTOTCORR,1987,0,0,0,0,0,5.27,10.55,5.27,5.27,0,0,0,0,26.36
PRECTOTCORR,1988,0,0,0,0,0,10.55,10.55,10.55,5.27,0,0,0,5.27,36.92
PRECTOTCORR,1989,0,0,0,0,0,5.27,5.27,10.55,5.27,0,0,0,0,26.36
PRECTOTCORR,1990,0,0,0,0,5.27,10.55,10.55,10.55,10.55,5.27,0,0,5.27,52.74
PRECTOTCORR,1991,0,0,0,0,0,5.27,10.55,15.82,5.27,0,0,0,5.27,36.91
PRECTOTCORR,1992,0,0,0,0,0,5.27,10.55,10.55,5.27,0,0,0,5.27,31.64
PRECTOTCORR,1993,0,0,0,0,0,5.27,10.55,10.55,15.82,0,0,0,5.27,42.19
PRECTOTCORR,1994,0,0,0,0,0,10.55,15.82,10.55,5.27,5.27,0,0,5.27,47.46
PRECTOTCORR,1995,0,0,0,0,0,5.27,10.55,10.55,5.27,0,0,0,5.27,31.64
PRECTOTCORR,1996,0,0,0,0,0,5.27,15.82,10.55,5.27,0,0,0,5.27,36.91
PRECTOTCORR,1997,0,0,0,0,0,5.27,10.55,15.82,5.27,0,0,0,5.27,36.91
PRECTOTCORR,1998,5.27,0,0,0,0,5.27,5.27,10.55,10.55,0,0,0,5.27,36.91
PRECTOTCORR,1999,0,0,0,0,0,5.27,10.55,10.55,10.55,0,0,0,5.27,36.92
PRECTOTCORR,2000,0,0,0,0,0,5.27,5.27,5.27,5.27,0,0,0,0,21.08
PRECTOTCORR,2001,0,0,0,0,0,10.55,15.82,10.55,0,0,0,0,5.27,36.92
PRECTOTCORR,2002,0,0,0,0,0,5.27,5.27,10.55,5.27,0,0,0,0,26.36
PRECTOTCORR,2003,0,0,0,0,0,5.27,10.55,10.55,10.55,5.27,0,0,5.27,42.19
PRECTOTCORR,2004,0,0,0,0,0,10.55,10.55,15.82,5.27,0,0,0,5.27,42.19
PRECTOTCORR,2005,0,0,0,0,0,5.27,10.55,10.55,5.27,0,0,0,5.27,31.64
PRECTOTCORR,2006,0,0,0,0,0,5.27,10.55,10.55,5.27,0,0,0,5.27,31.64
PRECTOTCORR,2007,0,0,0,0,0,5.27,10.55,10.55,10.55,0,0,0,5.27,36.92
PRECTOTCORR,2008,0,0,0,0,0,10.55,10.55,10.55,5.27,0,0,0,5.27,36.92
PRECTOTCORR,2009,0,0,0,0,0,0,10.55,10.55,5.27,0,0,0,0,26.37
PRECTOTCORR,2010,0,0,0,0,0,5.27,5.27,5.27,10.55,0,0,0,0,26.36
PRECTOTCORR,2011,0,0,0,0,0,10.55,5.27,10.55,15.82,0,0,0,5.27,42.19
PRECTOTCORR,2012,0,0,0,0,0,5.27,10.55,15.82,5.27,0,0,0,5.27,36.91
PRECTOTCORR,2013,0,0,0,0,0,10.55,10.55,10.55,5.27,10.55,0,0,5.27,47.47
PRECTOTCORR,2014,0,0,0,0,0,5.27,10.55,10.55,5.27,5.27,0,0,5.27,36.91
PRECTOTCORR,2015,0,0,0,0,0,5.27,15.82,10.55,5.27,0,0,0,5.27,36.91
PRECTOTCORR,2016,0,0,0,0,0,0,10.55,15.82,5.27,0,0,0,5.27,31.64
PRECTOTCORR,2017,0,0,0,0,0,5.27,21.09,10.55,5.27,0,0,0,5.27,42.18
PRECTOTCORR,2018,0,0,0,0,0,5.27,15.82,10.55,5.27,0,0,0,5.27,36.91
PRECTOTCORR,2019,0,0,0,0,0,5.27,10.55,10.55,10.55,0,0,0,5.27,36.92
PRECTOTCORR,2020,0,0,5.27,0,0,10.55,5.27,10.55,5.27,5.27,0,0,5.27,42.18
PRECTOTCORR,2021,0.17,0.57,0.17,0.15,4.02,9.7,11.4,6.32,6.94,1.03,0.24,1.11,3.5,45.32
PRECTOTCORR,2022,0.98,1.53,0,0.03,1.14,5.72,7.36,13.31,8.78,3.46,0,0,3.54,45.85
WS10M_RANGE,1981,6.52,6.54,6.72,8.12,8.64,11.75,7.91,9.88,13.98,4.62,4.29,6.39,14.16,
WS10M_RANGE,1982,7.15,5.73,7.74,8.08,7.59,8.93,8.03,10.59,7.41,5.34,5.69,6.32,10.95,
WS10M_RANGE,1983,6.72,6.64,8.64,9.06,8.55,8.91,8.59,12.55,8.12,6.16,4.43,6.16,12.62,
WS10M_RANGE,1984,8.2,8.42,7.66,6.8,7.64,9.34,8.6,9.5,7.26,8.48,5.6,7.07,9.89,
WS10M_RANGE,1985,5.92,7.38,8.54,8,7.8,9.36,9.79,9.6,7.02,9.2,5.04,5.21,9.99,
WS10M_RANGE,1986,5.66,5.8,8.46,7.88,8.51,7.87,10.05,8.31,8.38,6,5.05,7.91,10.32,
WS10M_RANGE,1987,5.73,5.44,7.64,10.88,6.44,7.8,10.78,7.28,11.1,6.54,5.55,6.12,11.2,
WS10M_RANGE,1988,6.32,6.88,7.96,8.02,9.11,10.62,9.57,10.3,8.06,8.48,8.04,7.61,10.62,
WS10M_RANGE,1989,6.99,8.38,8.56,7.98,9.68,9.11,11.27,9.06,6.84,5.24,4.84,5.45,11.45,
WS10M_RANGE,1990,8.06,6.97,8.36,7.77,10.7,8.29,7.35,8.88,8.2,6.64,6.16,4.91,10.89,
WS10M_RANGE,1991,7.66,6.2,8.11,9.09,7.4,7.92,12.67,8.09,7.04,4.98,3.88,5.7,12.78,
WS10M_RANGE,1992,6.2,6.86,8.17,6.92,8.24,10.27,11.57,7.75,9.09,6.56,4.32,5.49,12.05,
WS10M_RANGE,1993,7.8,7.18,8.02,7.98,8.86,8.27,8.75,8.04,7.26,3.61,4.16,4.21,9.03,
WS10M_RANGE,1994,7.27,7.34,8.81,8.57,7.66,7.93,9.49,8.57,8.62,6.71,3.65,4.42,9.51,
WS10M_RANGE,1995,8.51,6.08,8.09,6.45,10.51,8.16,8.96,7.16,7.91,6.04,9.52,6.28,10.68,
WS10M_RANGE,1996,6.77,7.99,7.65,7.03,9.27,7.89,13.34,7.96,6.03,7.32,4.47,5.18,13.45,
WS10M_RANGE,1997,5.48,7.1,8.37,7.6,9.59,8.7,15.14,9.56,9.38,4.25,5.57,9.48,15.14,
WS10M_RANGE,1998,5.51,5.87,7.89,6.55,9.59,9.82,9.16,6.49,7.67,6.61,7.57,4.39,9.9,
WS10M_RANGE,1999,5.81,5.73,8.41,6.54,7.73,10.53,8.48,11.09,7.1,7.62,4.8,3.81,11.15,
WS10M_RANGE,2000,5.66,8.06,7.72,7.98,8.8,13.4,6.88,9.41,9.36,6.61,5.34,5.94,13.57,
WS10M_RANGE,2001,7.02,7.4,6.03,6.73,9.48,10.59,10.61,6.91,9.02,7.05,5.69,4.23,10.84,
WS10M_RANGE,2002,6.66,7.67,6.18,8.17,9.64,7.73,7.66,9.82,8.29,5.49,6.38,6.36,9.96,
WS10M_RANGE,2003,6.45,6.79,7.04,7.66,9.13,8.62,14.45,9.57,10.03,8.02,3.9,5.79,14.74,
WS10M_RANGE,2004,5.64,5.33,6.79,8.17,9.42,12.87,7.95,8.85,7.37,8.9,4.77,4.45,12.98,
WS10M_RANGE,2005,6.27,7.77,6.41,7,6.68,11.61,8.94,7.87,7.33,5.02,6.16,5.32,11.61,
WS10M_RANGE,2006,5.41,5.77,6.74,7.26,8.51,6.78,10.63,11.3,10.36,4.2,3.78,5.48,11.48,
WS10M_RANGE,2007,5.29,7.89,7.07,6.74,7.55,10.42,9.23,12,12.23,5.03,5.77,6.91,12.23,
WS10M_RANGE,2008,5.48,5.99,6.41,6.81,9.96,9,7.81,7.41,11.83,5.55,4.01,3.92,11.95,
WS10M_RANGE,2009,4.7,7.2,7.14,8.25,9.03,8.17,8.65,7.62,8.56,8.23,5.56,5.17,9.15,
WS10M_RANGE,2010,5.39,7.19,7.23,9.05,8.84,8.02,8.85,8.19,8.74,7.27,4.56,4.75,9.22,
WS10M_RANGE,2011,6.55,6.72,8.05,8.01,7.77,12.52,8.05,6.6,7.71,5.33,4.03,3.47,12.7,
WS10M_RANGE,2012,5.79,7.73,6.85,6.91,7.23,7.55,8.23,7.13,7.78,3.73,4.84,6.42,8.23,
WS10M_RANGE,2013,6.17,9.23,6.72,7.21,9.2,9.63,9.77,8.24,6.82,12.05,5.23,4.76,12.2,
WS10M_RANGE,2014,7.79,7.55,6.45,7.09,7.72,9.16,8.63,8.15,7.6,11.27,4.89,4.75,11.29,
WS10M_RANGE,2015,7.48,5.3,6.84,6.55,7.81,9.53,10.94,9.19,7.46,3.57,3.89,5.4,11.23,
WS10M_RANGE,2016,5.6,5.23,7.76,7.54,8.57,7.43,7.83,8.69,6.42,5.56,5.48,4.6,8.7,
WS10M_RANGE,2017,5.76,5.82,7.69,8.41,8,6.89,8.91,6.12,6.54,6.52,3.68,5.15,9.2,
WS10M_RANGE,2018,6.97,7.15,6.26,7.57,7.08,9.16,7.84,8.28,10.48,6.1,4.77,7.07,10.81,
WS10M_RANGE,2019,5.44,7.05,7.34,6.76,8.08,7.4,9.97,7.33,7.3,8.34,5.27,6.45,10.16,
WS10M_RANGE,2020,6.19,6.23,5.11,6.84,10.63,8.34,7.52,8.66,6.64,4.95,4.31,4.7,10.68,
WS10M_RANGE,2021,4.84,4.61,8.16,5.67,12.4,7.21,7.15,8.06,8.51,5.67,4.11,5.4,12.4,
WS10M_RANGE,2022,4.95,7.78,5.99,6.66,8.29,7.91,7.98,8.92,9.17,6.18,3.48,4.55,9.41,
PRECTOTCORR_SUM,1981,42.19,5.27,26.37,10.55,26.37,168.75,469.34,284.77,205.66,10.55,0,10.55,1260.35,
PRECTOTCORR_SUM,1982,68.55,31.64,31.64,10.55,52.73,216.21,358.59,474.61,121.29,52.73,10.55,0,1429.1,
PRECTOTCORR_SUM,1983,0,10.55,0,10.55,47.46,137.11,321.68,200.39,284.77,47.46,0,15.82,1075.78,
PRECTOTCORR_SUM,1984,21.09,26.37,0,10.55,15.82,184.57,427.15,464.06,89.65,31.64,0,0,1270.9,
PRECTOTCORR_SUM,1985,47.46,5.27,0,0,10.55,79.1,374.41,284.77,189.84,68.55,0,0,1059.96,
PRECTOTCORR_SUM,1986,15.82,42.19,21.09,31.64,10.55,205.66,321.68,205.66,105.47,36.91,36.91,31.64,1065.23,
PRECTOTCORR_SUM,1987,10.55,10.55,10.55,0,36.91,105.47,279.49,205.66,179.3,63.28,31.64,5.27,938.67,
PRECTOTCORR_SUM,1988,5.27,21.09,15.82,26.37,21.09,258.4,279.49,311.13,121.29,10.55,0,0,1070.51,
PRECTOTCORR_SUM,1989,0,0,0,0,10.55,195.12,242.58,284.77,163.48,10.55,0,15.82,922.85,
PRECTOTCORR_SUM,1990,0,31.64,5.27,15.82,105.47,263.67,348.05,253.12,247.85,116.02,10.55,0,1397.46,
PRECTOTCORR_SUM,1991,0,0,0,0,0,126.56,337.5,479.88,137.11,31.64,15.82,21.09,1149.61,
PRECTOTCORR_SUM,1992,0,5.27,5.27,10.55,31.64,131.84,284.77,326.95,216.21,10.55,5.27,0,1028.32,
PRECTOTCORR_SUM,1993,0,5.27,10.55,15.82,47.46,189.84,342.77,263.67,400.78,52.73,10.55,0,1339.45,
PRECTOTCORR_SUM,1994,15.82,5.27,0,21.09,5.27,379.69,564.26,379.69,232.03,84.38,5.27,0,1692.77,
PRECTOTCORR_SUM,1995,36.91,15.82,42.19,5.27,26.37,100.2,369.14,379.69,195.12,36.91,42.19,21.09,1270.9,
PRECTOTCORR_SUM,1996,36.91,15.82,15.82,15.82,5.27,179.3,411.33,379.69,94.92,42.19,0,0,1197.07,
PRECTOTCORR_SUM,1997,10.55,0,0,52.73,31.64,210.94,374.41,500.98,147.66,63.28,68.55,63.28,1524.02,
PRECTOTCORR_SUM,1998,94.92,0,31.64,10.55,21.09,147.66,242.58,258.4,305.86,63.28,52.73,0,1228.71,
PRECTOTCORR_SUM,1999,0,0,0,0,47.46,200.39,268.95,400.78,247.85,63.28,0,0,1228.71,
PRECTOTCORR_SUM,2000,5.27,5.27,0,0,68.55,205.66,221.48,116.02,168.75,5.27,0,0,796.29,
PRECTOTCORR_SUM,2001,0,0,15.82,26.37,42.19,268.95,532.62,363.87,68.55,58.01,0,0,1376.37,
PRECTOTCORR_SUM,2002,21.09,5.27,26.37,5.27,31.64,179.3,131.84,316.41,184.57,31.64,0,0,933.4,
PRECTOTCORR_SUM,2003,0,36.91,21.09,10.55,0,221.48,263.67,337.5,369.14,158.2,0,15.82,1434.38,
PRECTOTCORR_SUM,2004,26.37,0,26.37,36.91,31.64,295.31,274.22,427.15,137.11,47.46,0,0,1302.54,
PRECTOTCORR_SUM,2005,63.28,10.55,5.27,21.09,10.55,184.57,369.14,305.86,200.39,63.28,0,5.27,1239.26,
PRECTOTCORR_SUM,2006,0,0,58.01,15.82,63.28,121.29,358.59,321.68,137.11,21.09,5.27,0,1102.15,
PRECTOTCORR_SUM,2007,0,58.01,5.27,10.55,15.82,163.48,353.32,253.12,337.5,10.55,15.82,0,1223.44,
PRECTOTCORR_SUM,2008,10.55,10.55,31.64,10.55,10.55,369.14,363.87,311.13,216.21,15.82,5.27,0,1355.27,
PRECTOTCORR_SUM,2009,10.55,0,0,5.27,36.91,58.01,321.68,274.22,126.56,73.83,42.19,5.27,954.49,
PRECTOTCORR_SUM,2010,0,0,0,5.27,15.82,116.02,242.58,221.48,237.3,42.19,0,21.09,901.76,
PRECTOTCORR_SUM,2011,0,10.55,5.27,47.46,42.19,300.59,242.58,374.41,400.78,10.55,0,10.55,1444.92,
PRECTOTCORR_SUM,2012,63.28,10.55,0,21.09,0,116.02,395.51,479.88,200.39,21.09,52.73,0,1360.55,
PRECTOTCORR_SUM,2013,0,26.37,0,52.73,5.27,237.3,332.23,395.51,205.66,337.5,0,0,1592.58,
PRECTOTCORR_SUM,2014,21.09,68.55,21.09,47.46,31.64,116.02,311.13,326.95,189.84,105.47,0,26.37,1265.62,
PRECTOTCORR_SUM,2015,26.37,5.27,31.64,21.09,0,179.3,442.97,363.87,184.57,26.37,0,5.27,1286.72,
PRECTOTCORR_SUM,2016,15.82,5.27,21.09,0,58.01,47.46,363.87,564.26,210.94,68.55,0,0,1355.27,
PRECTOTCORR_SUM,2017,5.27,5.27,0,0,10.55,189.84,595.9,311.13,152.93,21.09,0,0,1291.99,
PRECTOTCORR_SUM,2018,0,15.82,0,10.55,36.91,116.02,458.79,311.13,116.02,0,0,31.64,1096.88,
PRECTOTCORR_SUM,2019,26.37,15.82,21.09,0,5.27,121.29,332.23,348.05,311.13,58.01,0,5.27,1244.53,
PRECTOTCORR_SUM,2020,42.19,52.73,89.65,47.46,63.28,284.77,200.39,400.78,147.66,174.02,21.09,0,1524.02,
PRECTOTCORR_SUM,2021,5.27,15.82,5.27,4.65,124.63,290.99,353.28,195.92,208.28,32.08,7.29,34.36,1277.84,
PRECTOTCORR_SUM,2022,30.27,42.73,0.14,0.76,35.39,171.53,228.3,412.7,263.36,107.4,0,0.08,1292.65,
